customer messages,our response
"Dear Grace,

I came across your product and I'm interested. Can you send me more details?

Best regards,
Quinn","Thank you for your inquiry, Quinn! We appreciate your interest and will get back to you shortly."
"Dear Steve,

I came across your product and I'm interested. Can you send me more details?

Best regards,
Quinn","Thank you for your inquiry, Quinn! We appreciate your interest and will get back to you shortly."
"Dear Quinn,

I came across your product and I'm interested. Can you send me more details?

Best regards,
Paul","Thank you for your inquiry, Paul! We appreciate your interest and will get back to you shortly."
"Dear Ian,

I came across your product and I'm interested. Can you send me more details?

Best regards,
Eva","Thank you for your inquiry, Eva! We appreciate your interest and will get back to you shortly."
"Dear Tina,

I came across your product and I'm interested. Can you send me more details?

Best regards,
Steve","Thank you for your inquiry, Steve! We appreciate your interest and will get back to you shortly."
"Dear Quinn,

I came across your product and I'm interested. Can you send me more details?

Best regards,
Ian","Thank you for your inquiry, Ian! We appreciate your interest and will get back to you shortly."
"Dear Rachel,

I came across your product and I'm interested. Can you send me more details?

Best regards,
Charlie","Thank you for your inquiry, Charlie! We appreciate your interest and will get back to you shortly."
"Dear Oscar,

I came across your product and I'm interested. Can you send me more details?

Best regards,
Kevin","Thank you for your inquiry, Kevin! We appreciate your interest and will get back to you shortly."
"Dear Ian,

I came across your product and I'm interested. Can you send me more details?

Best regards,
Mike","Thank you for your inquiry, Mike! We appreciate your interest and will get back to you shortly."
"Dear David,

I came across your product and I'm interested. Can you send me more details?

Best regards,
Kevin","Thank you for your inquiry, Kevin! We appreciate your interest and will get back to you shortly."
"Dear Bob,

I came across your product and I'm interested. Can you send me more details?

Best regards,
Ian","Thank you for your inquiry, Ian! We appreciate your interest and will get back to you shortly."
"Dear Paul,

I came across your product and I'm interested. Can you send me more details?

Best regards,
Oscar","Thank you for your inquiry, Oscar! We appreciate your interest and will get back to you shortly."
"Dear Ian,

I came across your product and I'm interested. Can you send me more details?

Best regards,
David","Thank you for your inquiry, David! We appreciate your interest and will get back to you shortly."
"Dear Grace,

I came across your product and I'm interested. Can you send me more details?

Best regards,
Judy","Thank you for your inquiry, Judy! We appreciate your interest and will get back to you shortly."
"Dear Tina,

I came across your product and I'm interested. Can you send me more details?

Best regards,
Rachel","Thank you for your inquiry, Rachel! We appreciate your interest and will get back to you shortly."
"Dear Rachel,

I came across your product and I'm interested. Can you send me more details?

Best regards,
David","Thank you for your inquiry, David! We appreciate your interest and will get back to you shortly."
"Dear Judy,

I came across your product and I'm interested. Can you send me more details?

Best regards,
Laura","Thank you for your inquiry, Laura! We appreciate your interest and will get back to you shortly."
"Dear Charlie,

I came across your product and I'm interested. Can you send me more details?

Best regards,
Oscar","Thank you for your inquiry, Oscar! We appreciate your interest and will get back to you shortly."
"Dear Charlie,

I came across your product and I'm interested. Can you send me more details?

Best regards,
Kevin","Thank you for your inquiry, Kevin! We appreciate your interest and will get back to you shortly."
"Dear Charlie,

I came across your product and I'm interested. Can you send me more details?

Best regards,
Tina","Thank you for your inquiry, Tina! We appreciate your interest and will get back to you shortly."
"Dear Paul,

I came across your product and I'm interested. Can you send me more details?

Best regards,
Ian","Thank you for your inquiry, Ian! We appreciate your interest and will get back to you shortly."
"Dear Grace,

I came across your product and I'm interested. Can you send me more details?

Best regards,
Paul","Thank you for your inquiry, Paul! We appreciate your interest and will get back to you shortly."
"Dear Hannah,

I came across your product and I'm interested. Can you send me more details?

Best regards,
Eva","Thank you for your inquiry, Eva! We appreciate your interest and will get back to you shortly."
"Dear Judy,

I came across your product and I'm interested. Can you send me more details?

Best regards,
Nina","Thank you for your inquiry, Nina! We appreciate your interest and will get back to you shortly."
"Dear Mike,

I came across your product and I'm interested. Can you send me more details?

Best regards,
Quinn","Thank you for your inquiry, Quinn! We appreciate your interest and will get back to you shortly."
"Dear Eva,

I came across your product and I'm interested. Can you send me more details?

Best regards,
Steve","Thank you for your inquiry, Steve! We appreciate your interest and will get back to you shortly."
"Dear Oscar,

I came across your product and I'm interested. Can you send me more details?

Best regards,
Paul","Thank you for your inquiry, Paul! We appreciate your interest and will get back to you shortly."
"Dear Mike,

I came across your product and I'm interested. Can you send me more details?

Best regards,
Kevin","Thank you for your inquiry, Kevin! We appreciate your interest and will get back to you shortly."
"Dear Laura,

I came across your product and I'm interested. Can you send me more details?

Best regards,
Judy","Thank you for your inquiry, Judy! We appreciate your interest and will get back to you shortly."
"Dear Eva,

I came across your product and I'm interested. Can you send me more details?

Best regards,
Mike","Thank you for your inquiry, Mike! We appreciate your interest and will get back to you shortly."
"Dear Nina,

I came across your product and I'm interested. Can you send me more details?

Best regards,
Steve","Thank you for your inquiry, Steve! We appreciate your interest and will get back to you shortly."
"Dear Judy,

I came across your product and I'm interested. Can you send me more details?

Best regards,
Charlie","Thank you for your inquiry, Charlie! We appreciate your interest and will get back to you shortly."
"Dear Ian,

I came across your product and I'm interested. Can you send me more details?

Best regards,
Mike","Thank you for your inquiry, Mike! We appreciate your interest and will get back to you shortly."
"Dear Bob,

I came across your product and I'm interested. Can you send me more details?

Best regards,
Kevin","Thank you for your inquiry, Kevin! We appreciate your interest and will get back to you shortly."
"Dear Paul,

I came across your product and I'm interested. Can you send me more details?

Best regards,
Alice","Thank you for your inquiry, Alice! We appreciate your interest and will get back to you shortly."
"Dear Paul,

I came across your product and I'm interested. Can you send me more details?

Best regards,
Alice","Thank you for your inquiry, Alice! We appreciate your interest and will get back to you shortly."
"Dear Grace,

I came across your product and I'm interested. Can you send me more details?

Best regards,
Alice","Thank you for your inquiry, Alice! We appreciate your interest and will get back to you shortly."
"Dear Grace,

I came across your product and I'm interested. Can you send me more details?

Best regards,
Tina","Thank you for your inquiry, Tina! We appreciate your interest and will get back to you shortly."
"Dear Quinn,

I came across your product and I'm interested. Can you send me more details?

Best regards,
Bob","Thank you for your inquiry, Bob! We appreciate your interest and will get back to you shortly."
"Dear Rachel,

I came across your product and I'm interested. Can you send me more details?

Best regards,
Mike","Thank you for your inquiry, Mike! We appreciate your interest and will get back to you shortly."
"Dear Alice,

I came across your product and I'm interested. Can you send me more details?

Best regards,
Rachel","Thank you for your inquiry, Rachel! We appreciate your interest and will get back to you shortly."
"Dear Judy,

I came across your product and I'm interested. Can you send me more details?

Best regards,
Frank","Thank you for your inquiry, Frank! We appreciate your interest and will get back to you shortly."
"Dear Ian,

I came across your product and I'm interested. Can you send me more details?

Best regards,
Grace","Thank you for your inquiry, Grace! We appreciate your interest and will get back to you shortly."
"Dear Charlie,

I came across your product and I'm interested. Can you send me more details?

Best regards,
Bob","Thank you for your inquiry, Bob! We appreciate your interest and will get back to you shortly."
"Dear Nina,

I came across your product and I'm interested. Can you send me more details?

Best regards,
Bob","Thank you for your inquiry, Bob! We appreciate your interest and will get back to you shortly."
"Dear Charlie,

I came across your product and I'm interested. Can you send me more details?

Best regards,
Quinn","Thank you for your inquiry, Quinn! We appreciate your interest and will get back to you shortly."
"Dear Tina,

I came across your product and I'm interested. Can you send me more details?

Best regards,
Quinn","Thank you for your inquiry, Quinn! We appreciate your interest and will get back to you shortly."
"Dear Nina,

I came across your product and I'm interested. Can you send me more details?

Best regards,
Tina","Thank you for your inquiry, Tina! We appreciate your interest and will get back to you shortly."
"Dear Nina,

I came across your product and I'm interested. Can you send me more details?

Best regards,
Tina","Thank you for your inquiry, Tina! We appreciate your interest and will get back to you shortly."
"Dear Hannah,

I came across your product and I'm interested. Can you send me more details?

Best regards,
Rachel","Thank you for your inquiry, Rachel! We appreciate your interest and will get back to you shortly."
"Dear Eva,

I came across your product and I'm interested. Can you send me more details?

Best regards,
Laura","Thank you for your inquiry, Laura! We appreciate your interest and will get back to you shortly."
"Dear Quinn,

I came across your product and I'm interested. Can you send me more details?

Best regards,
Hannah","Thank you for your inquiry, Hannah! We appreciate your interest and will get back to you shortly."
"Dear David,

I came across your product and I'm interested. Can you send me more details?

Best regards,
Laura","Thank you for your inquiry, Laura! We appreciate your interest and will get back to you shortly."
"Dear Grace,

I came across your product and I'm interested. Can you send me more details?

Best regards,
Nina","Thank you for your inquiry, Nina! We appreciate your interest and will get back to you shortly."
"Dear Ian,

I came across your product and I'm interested. Can you send me more details?

Best regards,
Kevin","Thank you for your inquiry, Kevin! We appreciate your interest and will get back to you shortly."
"Dear Mike,

I came across your product and I'm interested. Can you send me more details?

Best regards,
Eva","Thank you for your inquiry, Eva! We appreciate your interest and will get back to you shortly."
"Dear Laura,

I came across your product and I'm interested. Can you send me more details?

Best regards,
Tina","Thank you for your inquiry, Tina! We appreciate your interest and will get back to you shortly."
"Dear Quinn,

I came across your product and I'm interested. Can you send me more details?

Best regards,
Oscar","Thank you for your inquiry, Oscar! We appreciate your interest and will get back to you shortly."
"Dear Hannah,

I came across your product and I'm interested. Can you send me more details?

Best regards,
Ian","Thank you for your inquiry, Ian! We appreciate your interest and will get back to you shortly."
"Dear Laura,

I came across your product and I'm interested. Can you send me more details?

Best regards,
Rachel","Thank you for your inquiry, Rachel! We appreciate your interest and will get back to you shortly."
"Dear David,

I came across your product and I'm interested. Can you send me more details?

Best regards,
Charlie","Thank you for your inquiry, Charlie! We appreciate your interest and will get back to you shortly."
"Dear Bob,

I came across your product and I'm interested. Can you send me more details?

Best regards,
Mike","Thank you for your inquiry, Mike! We appreciate your interest and will get back to you shortly."
"Dear Bob,

I came across your product and I'm interested. Can you send me more details?

Best regards,
Rachel","Thank you for your inquiry, Rachel! We appreciate your interest and will get back to you shortly."
"Dear Eva,

I came across your product and I'm interested. Can you send me more details?

Best regards,
Alice","Thank you for your inquiry, Alice! We appreciate your interest and will get back to you shortly."
"Dear Paul,

I came across your product and I'm interested. Can you send me more details?

Best regards,
Judy","Thank you for your inquiry, Judy! We appreciate your interest and will get back to you shortly."
"Dear Frank,

I came across your product and I'm interested. Can you send me more details?

Best regards,
Grace","Thank you for your inquiry, Grace! We appreciate your interest and will get back to you shortly."
"Dear Hannah,

I came across your product and I'm interested. Can you send me more details?

Best regards,
Judy","Thank you for your inquiry, Judy! We appreciate your interest and will get back to you shortly."
"Dear Paul,

I came across your product and I'm interested. Can you send me more details?

Best regards,
Bob","Thank you for your inquiry, Bob! We appreciate your interest and will get back to you shortly."
"Dear Nina,

I came across your product and I'm interested. Can you send me more details?

Best regards,
Quinn","Thank you for your inquiry, Quinn! We appreciate your interest and will get back to you shortly."
"Dear Steve,

I came across your product and I'm interested. Can you send me more details?

Best regards,
Grace","Thank you for your inquiry, Grace! We appreciate your interest and will get back to you shortly."
"Dear Oscar,

I came across your product and I'm interested. Can you send me more details?

Best regards,
Bob","Thank you for your inquiry, Bob! We appreciate your interest and will get back to you shortly."
"Dear Nina,

I came across your product and I'm interested. Can you send me more details?

Best regards,
Bob","Thank you for your inquiry, Bob! We appreciate your interest and will get back to you shortly."
"Dear Hannah,

I came across your product and I'm interested. Can you send me more details?

Best regards,
Laura","Thank you for your inquiry, Laura! We appreciate your interest and will get back to you shortly."
"Dear Mike,

I came across your product and I'm interested. Can you send me more details?

Best regards,
Oscar","Thank you for your inquiry, Oscar! We appreciate your interest and will get back to you shortly."
"Dear Steve,

I came across your product and I'm interested. Can you send me more details?

Best regards,
Mike","Thank you for your inquiry, Mike! We appreciate your interest and will get back to you shortly."
"Dear Ian,

I came across your product and I'm interested. Can you send me more details?

Best regards,
Oscar","Thank you for your inquiry, Oscar! We appreciate your interest and will get back to you shortly."
"Dear Judy,

I came across your product and I'm interested. Can you send me more details?

Best regards,
Ian","Thank you for your inquiry, Ian! We appreciate your interest and will get back to you shortly."
"Dear Alice,

I came across your product and I'm interested. Can you send me more details?

Best regards,
Oscar","Thank you for your inquiry, Oscar! We appreciate your interest and will get back to you shortly."
"Dear Quinn,

I came across your product and I'm interested. Can you send me more details?

Best regards,
Nina","Thank you for your inquiry, Nina! We appreciate your interest and will get back to you shortly."
"Dear Bob,

I came across your product and I'm interested. Can you send me more details?

Best regards,
Oscar","Thank you for your inquiry, Oscar! We appreciate your interest and will get back to you shortly."
"Dear David,

I came across your product and I'm interested. Can you send me more details?

Best regards,
Alice","Thank you for your inquiry, Alice! We appreciate your interest and will get back to you shortly."
"Dear Tina,

I came across your product and I'm interested. Can you send me more details?

Best regards,
Alice","Thank you for your inquiry, Alice! We appreciate your interest and will get back to you shortly."
"Dear Steve,

I came across your product and I'm interested. Can you send me more details?

Best regards,
Paul","Thank you for your inquiry, Paul! We appreciate your interest and will get back to you shortly."
"Dear Judy,

I came across your product and I'm interested. Can you send me more details?

Best regards,
Bob","Thank you for your inquiry, Bob! We appreciate your interest and will get back to you shortly."
"Dear Laura,

I came across your product and I'm interested. Can you send me more details?

Best regards,
Frank","Thank you for your inquiry, Frank! We appreciate your interest and will get back to you shortly."
"Dear Judy,

I came across your product and I'm interested. Can you send me more details?

Best regards,
David","Thank you for your inquiry, David! We appreciate your interest and will get back to you shortly."
"Dear Mike,

I came across your product and I'm interested. Can you send me more details?

Best regards,
Bob","Thank you for your inquiry, Bob! We appreciate your interest and will get back to you shortly."
"Dear David,

I came across your product and I'm interested. Can you send me more details?

Best regards,
Frank","Thank you for your inquiry, Frank! We appreciate your interest and will get back to you shortly."
"Dear Judy,

I came across your product and I'm interested. Can you send me more details?

Best regards,
Oscar","Thank you for your inquiry, Oscar! We appreciate your interest and will get back to you shortly."
"Dear Frank,

I came across your product and I'm interested. Can you send me more details?

Best regards,
Mike","Thank you for your inquiry, Mike! We appreciate your interest and will get back to you shortly."
"Dear Bob,

I came across your product and I'm interested. Can you send me more details?

Best regards,
Oscar","Thank you for your inquiry, Oscar! We appreciate your interest and will get back to you shortly."
"Dear Steve,

I came across your product and I'm interested. Can you send me more details?

Best regards,
Ian","Thank you for your inquiry, Ian! We appreciate your interest and will get back to you shortly."
"Dear Laura,

I came across your product and I'm interested. Can you send me more details?

Best regards,
Bob","Thank you for your inquiry, Bob! We appreciate your interest and will get back to you shortly."
"Dear Eva,

I came across your product and I'm interested. Can you send me more details?

Best regards,
Frank","Thank you for your inquiry, Frank! We appreciate your interest and will get back to you shortly."
"Dear Frank,

I came across your product and I'm interested. Can you send me more details?

Best regards,
Quinn","Thank you for your inquiry, Quinn! We appreciate your interest and will get back to you shortly."
"Dear Ian,

I came across your product and I'm interested. Can you send me more details?

Best regards,
Hannah","Thank you for your inquiry, Hannah! We appreciate your interest and will get back to you shortly."
"Dear Frank,

I came across your product and I'm interested. Can you send me more details?

Best regards,
Alice","Thank you for your inquiry, Alice! We appreciate your interest and will get back to you shortly."
"Dear Frank,

I came across your product and I'm interested. Can you send me more details?

Best regards,
Rachel","Thank you for your inquiry, Rachel! We appreciate your interest and will get back to you shortly."
"Dear Quinn,

I came across your product and I'm interested. Can you send me more details?

Best regards,
David","Thank you for your inquiry, David! We appreciate your interest and will get back to you shortly."
"Dear Nina,

I came across your product and I'm interested. Can you send me more details?

Best regards,
Paul","Thank you for your inquiry, Paul! We appreciate your interest and will get back to you shortly."
"Dear Quinn,

I came across your product and I'm interested. Can you send me more details?

Best regards,
Hannah","Thank you for your inquiry, Hannah! We appreciate your interest and will get back to you shortly."
"Dear Steve,

I came across your product and I'm interested. Can you send me more details?

Best regards,
Paul","Thank you for your inquiry, Paul! We appreciate your interest and will get back to you shortly."
"Dear Bob,

I came across your product and I'm interested. Can you send me more details?

Best regards,
Judy","Thank you for your inquiry, Judy! We appreciate your interest and will get back to you shortly."
"Dear Laura,

I came across your product and I'm interested. Can you send me more details?

Best regards,
Bob","Thank you for your inquiry, Bob! We appreciate your interest and will get back to you shortly."
"Dear Eva,

I came across your product and I'm interested. Can you send me more details?

Best regards,
Grace","Thank you for your inquiry, Grace! We appreciate your interest and will get back to you shortly."
"Dear Paul,

I came across your product and I'm interested. Can you send me more details?

Best regards,
Grace","Thank you for your inquiry, Grace! We appreciate your interest and will get back to you shortly."
"Dear Frank,

I came across your product and I'm interested. Can you send me more details?

Best regards,
Rachel","Thank you for your inquiry, Rachel! We appreciate your interest and will get back to you shortly."
"Dear Alice,

I came across your product and I'm interested. Can you send me more details?

Best regards,
Steve","Thank you for your inquiry, Steve! We appreciate your interest and will get back to you shortly."
"Dear Hannah,

I came across your product and I'm interested. Can you send me more details?

Best regards,
Kevin","Thank you for your inquiry, Kevin! We appreciate your interest and will get back to you shortly."
"Dear Oscar,

I came across your product and I'm interested. Can you send me more details?

Best regards,
Laura","Thank you for your inquiry, Laura! We appreciate your interest and will get back to you shortly."
"Dear Kevin,

I came across your product and I'm interested. Can you send me more details?

Best regards,
Oscar","Thank you for your inquiry, Oscar! We appreciate your interest and will get back to you shortly."
"Dear Oscar,

I came across your product and I'm interested. Can you send me more details?

Best regards,
Quinn","Thank you for your inquiry, Quinn! We appreciate your interest and will get back to you shortly."
"Dear Eva,

I came across your product and I'm interested. Can you send me more details?

Best regards,
Mike","Thank you for your inquiry, Mike! We appreciate your interest and will get back to you shortly."
"Dear Mike,

I came across your product and I'm interested. Can you send me more details?

Best regards,
Ian","Thank you for your inquiry, Ian! We appreciate your interest and will get back to you shortly."
"Dear Mike,

I came across your product and I'm interested. Can you send me more details?

Best regards,
Paul","Thank you for your inquiry, Paul! We appreciate your interest and will get back to you shortly."
"Dear Quinn,

I came across your product and I'm interested. Can you send me more details?

Best regards,
Grace","Thank you for your inquiry, Grace! We appreciate your interest and will get back to you shortly."
"Dear Oscar,

I came across your product and I'm interested. Can you send me more details?

Best regards,
Judy","Thank you for your inquiry, Judy! We appreciate your interest and will get back to you shortly."
"Dear Frank,

I came across your product and I'm interested. Can you send me more details?

Best regards,
Charlie","Thank you for your inquiry, Charlie! We appreciate your interest and will get back to you shortly."
"Dear Tina,

I came across your product and I'm interested. Can you send me more details?

Best regards,
Alice","Thank you for your inquiry, Alice! We appreciate your interest and will get back to you shortly."
"Dear Mike,

I came across your product and I'm interested. Can you send me more details?

Best regards,
Frank","Thank you for your inquiry, Frank! We appreciate your interest and will get back to you shortly."
"Dear Bob,

I came across your product and I'm interested. Can you send me more details?

Best regards,
Hannah","Thank you for your inquiry, Hannah! We appreciate your interest and will get back to you shortly."
"Dear Kevin,

I came across your product and I'm interested. Can you send me more details?

Best regards,
Frank","Thank you for your inquiry, Frank! We appreciate your interest and will get back to you shortly."
"Dear Laura,

I came across your product and I'm interested. Can you send me more details?

Best regards,
Eva","Thank you for your inquiry, Eva! We appreciate your interest and will get back to you shortly."
"Dear Laura,

I came across your product and I'm interested. Can you send me more details?

Best regards,
Eva","Thank you for your inquiry, Eva! We appreciate your interest and will get back to you shortly."
"Dear Hannah,

I came across your product and I'm interested. Can you send me more details?

Best regards,
Laura","Thank you for your inquiry, Laura! We appreciate your interest and will get back to you shortly."
"Dear Mike,

I came across your product and I'm interested. Can you send me more details?

Best regards,
Oscar","Thank you for your inquiry, Oscar! We appreciate your interest and will get back to you shortly."
"Dear Rachel,

I came across your product and I'm interested. Can you send me more details?

Best regards,
Eva","Thank you for your inquiry, Eva! We appreciate your interest and will get back to you shortly."
"Dear Rachel,

I came across your product and I'm interested. Can you send me more details?

Best regards,
Kevin","Thank you for your inquiry, Kevin! We appreciate your interest and will get back to you shortly."
"Dear Charlie,

I came across your product and I'm interested. Can you send me more details?

Best regards,
Tina","Thank you for your inquiry, Tina! We appreciate your interest and will get back to you shortly."
"Dear Bob,

I came across your product and I'm interested. Can you send me more details?

Best regards,
Grace","Thank you for your inquiry, Grace! We appreciate your interest and will get back to you shortly."
"Dear Oscar,

I came across your product and I'm interested. Can you send me more details?

Best regards,
Nina","Thank you for your inquiry, Nina! We appreciate your interest and will get back to you shortly."
"Dear Bob,

I came across your product and I'm interested. Can you send me more details?

Best regards,
Steve","Thank you for your inquiry, Steve! We appreciate your interest and will get back to you shortly."
"Dear Quinn,

I came across your product and I'm interested. Can you send me more details?

Best regards,
Grace","Thank you for your inquiry, Grace! We appreciate your interest and will get back to you shortly."
"Dear Rachel,

I came across your product and I'm interested. Can you send me more details?

Best regards,
Laura","Thank you for your inquiry, Laura! We appreciate your interest and will get back to you shortly."
"Dear Alice,

I came across your product and I'm interested. Can you send me more details?

Best regards,
Oscar","Thank you for your inquiry, Oscar! We appreciate your interest and will get back to you shortly."
"Dear Judy,

I came across your product and I'm interested. Can you send me more details?

Best regards,
Tina","Thank you for your inquiry, Tina! We appreciate your interest and will get back to you shortly."
"Dear Alice,

I came across your product and I'm interested. Can you send me more details?

Best regards,
Rachel","Thank you for your inquiry, Rachel! We appreciate your interest and will get back to you shortly."
"Dear Rachel,

I came across your product and I'm interested. Can you send me more details?

Best regards,
Bob","Thank you for your inquiry, Bob! We appreciate your interest and will get back to you shortly."
"Dear Eva,

I came across your product and I'm interested. Can you send me more details?

Best regards,
Frank","Thank you for your inquiry, Frank! We appreciate your interest and will get back to you shortly."
"Dear Judy,

I came across your product and I'm interested. Can you send me more details?

Best regards,
David","Thank you for your inquiry, David! We appreciate your interest and will get back to you shortly."
"Dear Alice,

I came across your product and I'm interested. Can you send me more details?

Best regards,
Kevin","Thank you for your inquiry, Kevin! We appreciate your interest and will get back to you shortly."
"Dear Kevin,

I came across your product and I'm interested. Can you send me more details?

Best regards,
Oscar","Thank you for your inquiry, Oscar! We appreciate your interest and will get back to you shortly."
"Dear Nina,

I came across your product and I'm interested. Can you send me more details?

Best regards,
Rachel","Thank you for your inquiry, Rachel! We appreciate your interest and will get back to you shortly."
"Dear Mike,

I came across your product and I'm interested. Can you send me more details?

Best regards,
Oscar","Thank you for your inquiry, Oscar! We appreciate your interest and will get back to you shortly."
"Dear Rachel,

I came across your product and I'm interested. Can you send me more details?

Best regards,
Quinn","Thank you for your inquiry, Quinn! We appreciate your interest and will get back to you shortly."
"Dear Laura,

I came across your product and I'm interested. Can you send me more details?

Best regards,
Paul","Thank you for your inquiry, Paul! We appreciate your interest and will get back to you shortly."
"Dear Charlie,

I came across your product and I'm interested. Can you send me more details?

Best regards,
Bob","Thank you for your inquiry, Bob! We appreciate your interest and will get back to you shortly."
"Dear Charlie,

I came across your product and I'm interested. Can you send me more details?

Best regards,
Bob","Thank you for your inquiry, Bob! We appreciate your interest and will get back to you shortly."
"Dear Rachel,

I came across your product and I'm interested. Can you send me more details?

Best regards,
Frank","Thank you for your inquiry, Frank! We appreciate your interest and will get back to you shortly."
"Dear Nina,

I came across your product and I'm interested. Can you send me more details?

Best regards,
Charlie","Thank you for your inquiry, Charlie! We appreciate your interest and will get back to you shortly."
"Dear Eva,

I came across your product and I'm interested. Can you send me more details?

Best regards,
Paul","Thank you for your inquiry, Paul! We appreciate your interest and will get back to you shortly."
"Dear Tina,

I came across your product and I'm interested. Can you send me more details?

Best regards,
Charlie","Thank you for your inquiry, Charlie! We appreciate your interest and will get back to you shortly."
"Dear Oscar,

I came across your product and I'm interested. Can you send me more details?

Best regards,
Eva","Thank you for your inquiry, Eva! We appreciate your interest and will get back to you shortly."
"Dear Judy,

I came across your product and I'm interested. Can you send me more details?

Best regards,
Bob","Thank you for your inquiry, Bob! We appreciate your interest and will get back to you shortly."
"Dear Tina,

I came across your product and I'm interested. Can you send me more details?

Best regards,
Alice","Thank you for your inquiry, Alice! We appreciate your interest and will get back to you shortly."
"Dear Alice,

I came across your product and I'm interested. Can you send me more details?

Best regards,
Judy","Thank you for your inquiry, Judy! We appreciate your interest and will get back to you shortly."
"Dear David,

I came across your product and I'm interested. Can you send me more details?

Best regards,
Grace","Thank you for your inquiry, Grace! We appreciate your interest and will get back to you shortly."
"Dear David,

I came across your product and I'm interested. Can you send me more details?

Best regards,
Laura","Thank you for your inquiry, Laura! We appreciate your interest and will get back to you shortly."
"Dear Rachel,

I came across your product and I'm interested. Can you send me more details?

Best regards,
Nina","Thank you for your inquiry, Nina! We appreciate your interest and will get back to you shortly."
"Dear Oscar,

I came across your product and I'm interested. Can you send me more details?

Best regards,
Kevin","Thank you for your inquiry, Kevin! We appreciate your interest and will get back to you shortly."
"Dear Grace,

I came across your product and I'm interested. Can you send me more details?

Best regards,
Tina","Thank you for your inquiry, Tina! We appreciate your interest and will get back to you shortly."
"Dear Ian,

I came across your product and I'm interested. Can you send me more details?

Best regards,
Nina","Thank you for your inquiry, Nina! We appreciate your interest and will get back to you shortly."
"Dear Frank,

I came across your product and I'm interested. Can you send me more details?

Best regards,
Eva","Thank you for your inquiry, Eva! We appreciate your interest and will get back to you shortly."
"Dear Tina,

I came across your product and I'm interested. Can you send me more details?

Best regards,
Alice","Thank you for your inquiry, Alice! We appreciate your interest and will get back to you shortly."
"Dear Rachel,

I came across your product and I'm interested. Can you send me more details?

Best regards,
Frank","Thank you for your inquiry, Frank! We appreciate your interest and will get back to you shortly."
"Dear Oscar,

I came across your product and I'm interested. Can you send me more details?

Best regards,
Ian","Thank you for your inquiry, Ian! We appreciate your interest and will get back to you shortly."
"Dear Hannah,

I came across your product and I'm interested. Can you send me more details?

Best regards,
Mike","Thank you for your inquiry, Mike! We appreciate your interest and will get back to you shortly."
"Dear Frank,

I came across your product and I'm interested. Can you send me more details?

Best regards,
Laura","Thank you for your inquiry, Laura! We appreciate your interest and will get back to you shortly."
"Dear Steve,

I came across your product and I'm interested. Can you send me more details?

Best regards,
Ian","Thank you for your inquiry, Ian! We appreciate your interest and will get back to you shortly."
"Dear Eva,

I came across your product and I'm interested. Can you send me more details?

Best regards,
Grace","Thank you for your inquiry, Grace! We appreciate your interest and will get back to you shortly."
"Dear Paul,

I came across your product and I'm interested. Can you send me more details?

Best regards,
Judy","Thank you for your inquiry, Judy! We appreciate your interest and will get back to you shortly."
"Dear Oscar,

I came across your product and I'm interested. Can you send me more details?

Best regards,
Steve","Thank you for your inquiry, Steve! We appreciate your interest and will get back to you shortly."
"Dear Quinn,

I came across your product and I'm interested. Can you send me more details?

Best regards,
David","Thank you for your inquiry, David! We appreciate your interest and will get back to you shortly."
"Dear Grace,

I came across your product and I'm interested. Can you send me more details?

Best regards,
Charlie","Thank you for your inquiry, Charlie! We appreciate your interest and will get back to you shortly."
"Dear Rachel,

I came across your product and I'm interested. Can you send me more details?

Best regards,
Kevin","Thank you for your inquiry, Kevin! We appreciate your interest and will get back to you shortly."
"Dear Hannah,

I came across your product and I'm interested. Can you send me more details?

Best regards,
Charlie","Thank you for your inquiry, Charlie! We appreciate your interest and will get back to you shortly."
"Dear Nina,

I came across your product and I'm interested. Can you send me more details?

Best regards,
Paul","Thank you for your inquiry, Paul! We appreciate your interest and will get back to you shortly."
"Dear Hannah,

I came across your product and I'm interested. Can you send me more details?

Best regards,
Nina","Thank you for your inquiry, Nina! We appreciate your interest and will get back to you shortly."
"Dear Tina,

I came across your product and I'm interested. Can you send me more details?

Best regards,
Frank","Thank you for your inquiry, Frank! We appreciate your interest and will get back to you shortly."
"Dear Frank,

I came across your product and I'm interested. Can you send me more details?

Best regards,
Eva","Thank you for your inquiry, Eva! We appreciate your interest and will get back to you shortly."
"Dear Charlie,

I came across your product and I'm interested. Can you send me more details?

Best regards,
Tina","Thank you for your inquiry, Tina! We appreciate your interest and will get back to you shortly."
"Dear Rachel,

I came across your product and I'm interested. Can you send me more details?

Best regards,
David","Thank you for your inquiry, David! We appreciate your interest and will get back to you shortly."
"Dear Ian,

I came across your product and I'm interested. Can you send me more details?

Best regards,
Eva","Thank you for your inquiry, Eva! We appreciate your interest and will get back to you shortly."
"Dear Bob,

I came across your product and I'm interested. Can you send me more details?

Best regards,
Quinn","Thank you for your inquiry, Quinn! We appreciate your interest and will get back to you shortly."
"Dear Hannah,

I came across your product and I'm interested. Can you send me more details?

Best regards,
Rachel","Thank you for your inquiry, Rachel! We appreciate your interest and will get back to you shortly."
"Dear Judy,

I came across your product and I'm interested. Can you send me more details?

Best regards,
Paul","Thank you for your inquiry, Paul! We appreciate your interest and will get back to you shortly."
"Dear Mike,

I came across your product and I'm interested. Can you send me more details?

Best regards,
Ian","Thank you for your inquiry, Ian! We appreciate your interest and will get back to you shortly."
"Dear Tina,

I came across your product and I'm interested. Can you send me more details?

Best regards,
Steve","Thank you for your inquiry, Steve! We appreciate your interest and will get back to you shortly."
"Dear Tina,

I came across your product and I'm interested. Can you send me more details?

Best regards,
Judy","Thank you for your inquiry, Judy! We appreciate your interest and will get back to you shortly."
"Dear Oscar,

I came across your product and I'm interested. Can you send me more details?

Best regards,
Laura","Thank you for your inquiry, Laura! We appreciate your interest and will get back to you shortly."
"Dear Frank,

I came across your product and I'm interested. Can you send me more details?

Best regards,
Kevin","Thank you for your inquiry, Kevin! We appreciate your interest and will get back to you shortly."
"Dear Charlie,

I came across your product and I'm interested. Can you send me more details?

Best regards,
Paul","Thank you for your inquiry, Paul! We appreciate your interest and will get back to you shortly."
"Dear Kevin,

I came across your product and I'm interested. Can you send me more details?

Best regards,
Tina","Thank you for your inquiry, Tina! We appreciate your interest and will get back to you shortly."
"Dear Rachel,

I came across your product and I'm interested. Can you send me more details?

Best regards,
Frank","Thank you for your inquiry, Frank! We appreciate your interest and will get back to you shortly."
"Dear Bob,

I came across your product and I'm interested. Can you send me more details?

Best regards,
Rachel","Thank you for your inquiry, Rachel! We appreciate your interest and will get back to you shortly."
"Dear Grace,

I came across your product and I'm interested. Can you send me more details?

Best regards,
Quinn","Thank you for your inquiry, Quinn! We appreciate your interest and will get back to you shortly."
"Dear Quinn,

I came across your product and I'm interested. Can you send me more details?

Best regards,
Kevin","Thank you for your inquiry, Kevin! We appreciate your interest and will get back to you shortly."
"Dear Charlie,

I came across your product and I'm interested. Can you send me more details?

Best regards,
Ian","Thank you for your inquiry, Ian! We appreciate your interest and will get back to you shortly."
"Dear Hannah,

I came across your product and I'm interested. Can you send me more details?

Best regards,
Mike","Thank you for your inquiry, Mike! We appreciate your interest and will get back to you shortly."
"Dear David,

I came across your product and I'm interested. Can you send me more details?

Best regards,
Mike","Thank you for your inquiry, Mike! We appreciate your interest and will get back to you shortly."
